{
    "blizzard": "snow",
    "blizzardn": "snow",
    "blowingsnow": "snow",
    "blowingsnown": "snow",
    "clear": "clear-day",
    "clearn": "clear-night",
    "cloudy": "cloudy",
    "cloudyn": "cloudy",
    "cloudyw": "cloudy",
    "cloudywn": "cloudy",
    "cold": "clear-day",
    "coldn": "clear-night",
    "drizzle": "drizzle",
    "drizzlen": "drizzle",
    "dust": "fog",
    "dustn": "fog",
    "fair": "mostly-clear-day",
    "fairn": "mostly-clear-night",
    "drizzlef": "drizzle",
    "fdrizzlen": "drizzle",
    "flurries": "sleet",
    "flurriesn": "sleet",
    "flurriesw": "sleet",
    "flurrieswn": "sleet",
    "fog": "fog",
    "fogn": "fog",
    "freezingrain": "rain",
    "freezingrainn": "rain",
    "hazy": "fog",
    "hazyn": "fog",
    "hot": "clear-day",
    "mcloudy": "mostly-cloudy-day",
    "mcloudyn": "mostly-cloudy-night",
    "mcloudyr": "rain",
    "mcloudyrn": "rain",
    "mcloudyrw": "rain",
    "mcloudyrwn": "rain",
    "mcloudys": "snow",
    "mcloudysn": "snow",
    "mcloudysf": "snow",
    "mcloudysfn": "snow",
    "mcloudysfw": "snow",
    "mcloudysfwn": "snow",
    "mcloudysw": "mostly-cloudy-day",
    "mcloudyswn": "mostly-cloudy-night",
    "mcloudyt": "thunderstorm",
    "mcloudytn": "thunderstorm",
    "mcloudytw": "thunderstorm",
    "mcloudytwn": "thunderstorm",
    "mcloudyw": "mostly-cloudy-day",
    "mcloudywn": "mostly-cloudy-night",
    "N/A": "unknown",
    "na": "unknown",
    "pcloudy": "partly-cloudy-day",
    "pcloudyn": "partly-cloudy-night",
    "pcloudyr": "rain",
    "pcloudyrn": "rain",
    "pcloudyrw": "rain",
    "pcloudyrwn": "rain",
    "pcloudys": "snow",
    "pcloudysn": "snow",
    "pcloudysf": "snow",
    "pcloudysfn": "snow",
    "pcloudysfw": "snow",
    "pcloudysfwn": "snow",
    "pcloudysw": "partly-cloudy-day",
    "pcloudyswn": "partly-cloudy-night",
    "pcloudyt": "thunderstorm",
    "pcloudytn": "thunderstorm",
    "pcloudytw": "thunderstorm",
    "pcloudytwn": "thunderstorm",
    "pcloudyw": "partly-cloudy-day",
    "pcloudywn": "partly-cloudy-night",
    "rain": "rain",
    "rainn": "rain",
    "rainandsnow": "rain",
    "rainandsnown": "rain",
    "raintosnow": "rain",
    "raintosnown": "rain",
    "rainw": "rain",
    "showers": "rain",
    "showersn": "rain",
    "showersw": "rain",
    "showerswn": "rain",
    "sleet": "sleet",
    "sleetn": "sleet",
    "sleetsnow": "sleet",
    "sleetsnown": "sleet",
    "smoke": "fog",
    "smoken": "fog",
    "snow": "snow",
    "snown": "snow",
    "snoww": "snow",
    "snowwn": "snow",
    "snowshowers": "snow",
    "snowshowersn": "snow",
    "snowshowersw": "snow",
    "snowshowerswn": "snow",
    "snowtorain": "snow",
    "snowtorainn": "snow",
    "sunny": "clear-day",
    "sunnyn": "clear-night",
    "sunnyw": "mostly-clear-day",
    "sunnywn": "mostly-clear-night",
    "tstorm": "thunderstorm",
    "tstormn": "thunderstorm",
    "tstorms": "thunderstorm",
    "tstormsn": "thunderstorm",
    "tstormsw": "thunderstorm",
    "tstormswn": "thunderstorm",
    "wind": "wind",
    "wintrymix": "sleet",
    "wintrymixn": "sleet"
}
